{
  "indexes": [
    {
      "collectionGroup": "logs",
      "queryScope": "COLLECTION",
      "fields": [
        { "fieldPath": "ts", "order": "DESCENDING" }
      ]
    },
    {
      "collectionGroup": "logs",
      "queryScope": "COLLECTION",
      "fields": [
        { "fieldPath": "studentId", "order": "ASCENDING" },
        { "fieldPath": "ts", "order": "DESCENDING" }
      ]
    },
    {
      "collectionGroup": "logs",
      "queryScope": "COLLECTION",
      "fields": [
        { "fieldPath": "type", "order": "ASCENDING" },
        { "fieldPath": "ts", "order": "DESCENDING" }
      ]
    },
    {
      "collectionGroup": "active_passes",
      "queryScope": "COLLECTION",
      "fields": [
        { "fieldPath": "status", "order": "ASCENDING" },
        { "fieldPath": "startedAt", "order": "DESCENDING" }
      ]
    },
    {
      "collectionGroup": "students",
      "queryScope": "COLLECTION",
      "fields": [
        { "fieldPath": "grade_level", "order": "ASCENDING" },
        { "fieldPath": "full_name", "order": "ASCENDING" }
      ]
    },
    {
      "collectionGroup": "students",
      "queryScope": "COLLECTION",
      "fields": [
        { "fieldPath": "mtss_score", "order": "DESCENDING" }
      ]
    },
    {
      "collectionGroup": "students",
      "queryScope": "COLLECTION",
      "fields": [
        { "fieldPath": "houseId", "order": "ASCENDING" },
        { "fieldPath": "incentive_points_student", "order": "DESCENDING" }
      ]
    },
    {
      "collectionGroup": "broadcasts",
      "queryScope": "COLLECTION",
      "fields": [
        { "fieldPath": "pinned", "order": "DESCENDING" },
        { "fieldPath": "ts", "order": "DESCENDING" }
      ]
    },
    {
      "collectionGroup": "parentContacts",
      "queryScope": "COLLECTION",
      "fields": [
        { "fieldPath": "studentId", "order": "ASCENDING" },
        { "fieldPath": "ts", "order": "DESCENDING" }
      ]
    },
    {
      "collectionGroup": "waitlist",
      "queryScope": "COLLECTION",
      "fields": [
        { "fieldPath": "destination", "order": "ASCENDING" },
        { "fieldPath": "addedAt", "order": "ASCENDING" }
      ]
    }
  ],
  "fieldOverrides": [
    {
      "collectionGroup": "logs",
      "fieldPath": "ts",
      "indexes": [
        { "order": "DESCENDING", "queryScope": "COLLECTION" },
        { "order": "DESCENDING", "queryScope": "COLLECTION_GROUP" }
      ]
    },
    {
      "collectionGroup": "students",
      "fieldPath": "full_name",
      "indexes": [
        { "order": "ASCENDING", "queryScope": "COLLECTION" },
        { "arrayConfig": "CONTAINS", "queryScope": "COLLECTION" }
      ]
    }
  ]
}
